{"Levels":[{"EnemyCount":28,"AsteroidCount":30,"EnemySpanPeriod":1.537264347076416,"AsteroidSpanPeriod":1.7213997840881348,"Open":true},{"EnemyCount":47,"AsteroidCount":44,"EnemySpanPeriod":1.3842781782150269,"AsteroidSpanPeriod":1.2706267833709717,"Open":true},{"EnemyCount":55,"AsteroidCount":51,"EnemySpanPeriod":1.1229376792907715,"AsteroidSpanPeriod":1.4069063663482667,"Open":true}],"Indicators":{"TotalKilledEnemy":581,"TotalDestroyedAsteroids":77}}